<?xml version="1.0" encoding="UTF-8"?>
<!DOCTYPE mapper PUBLIC "-//mybatis.org//DTD Mapper 3.0//EN" "http://mybatis.org/dtd/mybatis-3-mapper.dtd">
<mapper namespace="io.zfh.jcartstoreback.dao.AddressMapper">
  <resultMap id="BaseResultMap" type="io.zfh.jcartstoreback.po.Address">
    <id column="addressid" jdbcType="INTEGER" property="addressId" />
    <result column="customerid" jdbcType="INTEGER" property="customerId" />
    <result column="receivername" jdbcType="VARCHAR" property="receiverName" />
    <result column="receivermobile" jdbcType="VARCHAR" property="receiverMobile" />
    <result column="content" jdbcType="VARCHAR" property="content" />
    <result column="tag" jdbcType="VARCHAR" property="tag" />
  </resultMap>
  <sql id="Base_Column_List">
    addressid, customerid, receivername, receivermobile, content, tag
  </sql>
  <select id="selectByPrimaryKey" parameterType="java.lang.Integer" resultMap="BaseResultMap">
    select 
    <include refid="Base_Column_List" />
    from address
    where addressid = #{addressId,jdbcType=INTEGER}
  </select>
  <delete id="deleteByPrimaryKey" parameterType="java.lang.Integer">
    delete from address
    where addressid = #{addressId,jdbcType=INTEGER}
  </delete>
  <insert id="insert" parameterType="io.zfh.jcartstoreback.po.Address">
    insert into address (addressid, customerid, receivername,
      receivermobile, content, tag
      )
    values (#{addressId,jdbcType=INTEGER}, #{customerId,jdbcType=INTEGER}, #{receiverName,jdbcType=VARCHAR}, 
      #{receiverMobile,jdbcType=VARCHAR}, #{content,jdbcType=VARCHAR}, #{tag,jdbcType=VARCHAR}
      )
  </insert>
  <insert id="insertSelective" parameterType="io.zfh.jcartstoreback.po.Address" useGeneratedKeys="true" keyProperty="addressId">
    insert into address
    <trim prefix="(" suffix=")" suffixOverrides=",">
      <if test="customerId != null">
        customerid,
      </if>
      <if test="receiverName != null">
        receivername,
      </if>
      <if test="receiverMobile != null">
        receivermobile,
      </if>
      <if test="content != null">
        content,
      </if>
      <if test="tag != null">
        tag,
      </if>
    </trim>
    <trim prefix="values (" suffix=")" suffixOverrides=",">
      <if test="customerId != null">
        #{customerId,jdbcType=INTEGER},
      </if>
      <if test="receiverName != null">
        #{receiverName,jdbcType=VARCHAR},
      </if>
      <if test="receiverMobile != null">
        #{receiverMobile,jdbcType=VARCHAR},
      </if>
      <if test="content != null">
        #{content,jdbcType=VARCHAR},
      </if>
      <if test="tag != null">
        #{tag,jdbcType=VARCHAR},
      </if>
    </trim>
  </insert>
  <update id="updateByPrimaryKeySelective" parameterType="io.zfh.jcartstoreback.po.Address">
    update address
    <set>
      <if test="customerId != null">
        customerid = #{customerId,jdbcType=INTEGER},
      </if>
      <if test="receiverName != null">
        receivername = #{receiverName,jdbcType=VARCHAR},
      </if>
      <if test="receiverMobile != null">
        receivermobile = #{receiverMobile,jdbcType=VARCHAR},
      </if>
      <if test="content != null">
        content = #{content,jdbcType=VARCHAR},
      </if>
      <if test="tag != null">
        tag = #{tag,jdbcType=VARCHAR},
      </if>
    </set>
    where addressid = #{addressId,jdbcType=INTEGER}
  </update>
  <update id="updateByPrimaryKey" parameterType="io.zfh.jcartstoreback.po.Address">
    update address
    set customerid = #{customerId,jdbcType=INTEGER},
      receivername = #{receiverName,jdbcType=VARCHAR},
      receivermobile = #{receiverMobile,jdbcType=VARCHAR},
      content = #{content,jdbcType=VARCHAR},
      tag = #{tag,jdbcType=VARCHAR}
    where address_id = #{addressId,jdbcType=INTEGER}
  </update>

<!--  custom-->
  <select id="selectByCustomerId" resultMap="BaseResultMap">
    select
    <include refid="Base_Column_List" />
    from address
    where customerid = #{customerId}
  </select>
</mapper>