<?xml version="1.0" encoding="UTF-8"?>
<!DOCTYPE mapper PUBLIC "-//mybatis.org//DTD Mapper 3.0//EN" "http://mybatis.org/dtd/mybatis-3-mapper.dtd">
<mapper namespace="io.zfh.jcartstoreback.dao.CustomerMapper">
  <resultMap id="BaseResultMap" type="io.zfh.jcartstoreback.po.Customer">
    <id column="customer_id" jdbcType="INTEGER" property="customerId" />
    <result column="username" jdbcType="VARCHAR" property="username" />
    <result column="realname" jdbcType="VARCHAR" property="realName" />
    <result column="avatarurl" jdbcType="VARCHAR" property="avatarUrl" />
    <result column="encryptedpassword" jdbcType="VARCHAR" property="encryptedPassword" />
    <result column="mobile" jdbcType="VARCHAR" property="mobile" />
    <result column="mobileverified" jdbcType="BIT" property="mobileVerified" />
    <result column="email" jdbcType="VARCHAR" property="email" />
    <result column="emailverified" jdbcType="BIT" property="emailVerified" />
    <result column="status" jdbcType="TINYINT" property="status" />
    <result column="createtime" jdbcType="TIMESTAMP" property="createTime" />
    <result column="newssubscribed" jdbcType="BIT" property="newsSubscribed" />
    <result column="rewordpoints" jdbcType="INTEGER" property="rewordPoints" />
    <result column="default_address_id" jdbcType="INTEGER" property="defaultAddressId" />
  </resultMap>
  <sql id="Base_Column_List">
    customerid, username, realname, avatarurl, encryptedpassword, mobile, mobileverified,
    email, emailverified, status, createtime, newssubscribed, rewordpoints, defaultaddressid
  </sql>
  <select id="selectByPrimaryKey" parameterType="java.lang.Integer" resultMap="BaseResultMap">
    select 
    <include refid="Base_Column_List" />
    from customer
    where customerid = #{customerId,jdbcType=INTEGER}
  </select>
  <delete id="deleteByPrimaryKey" parameterType="java.lang.Integer">
    delete from customer
    where customerid = #{customerId,jdbcType=INTEGER}
  </delete>
  <insert id="insert" parameterType="io.zfh.jcartstoreback.po.Customer">
    insert into customer (customerid, username, realname,
      avatarurl, encryptedpassword, mobile,
      mobileverified, email, emailverified,
      status, createtime, newssubscribed,
      rewordpoints, defaultaddressid)
    values (#{customerId,jdbcType=INTEGER}, #{username,jdbcType=VARCHAR}, #{realName,jdbcType=VARCHAR}, 
      #{avatarUrl,jdbcType=VARCHAR}, #{encryptedPassword,jdbcType=VARCHAR}, #{mobile,jdbcType=VARCHAR}, 
      #{mobileVerified,jdbcType=BIT}, #{email,jdbcType=VARCHAR}, #{emailVerified,jdbcType=BIT}, 
      #{status,jdbcType=TINYINT}, #{createTime,jdbcType=TIMESTAMP}, #{newsSubscribed,jdbcType=BIT}, 
      #{rewordPoints,jdbcType=INTEGER}, #{defaultAddressId,jdbcType=INTEGER})
  </insert>
  <insert id="insertSelective" parameterType="io.zfh.jcartstoreback.po.Customer" useGeneratedKeys="true" keyProperty="customerId">
    insert into customer
    <trim prefix="(" suffix=")" suffixOverrides=",">
      <if test="username != null">
        username,
      </if>
      <if test="realName != null">
        realname,
      </if>
      <if test="avatarUrl != null">
        avatarurl,
      </if>
      <if test="encryptedPassword != null">
        encryptedpassword,
      </if>
      <if test="mobile != null">
        mobile,
      </if>
      <if test="mobileVerified != null">
        mobileverified,
      </if>
      <if test="email != null">
        email,
      </if>
      <if test="emailVerified != null">
        emailverified,
      </if>
      <if test="status != null">
        status,
      </if>
      <if test="createTime != null">
        createtime,
      </if>
      <if test="newsSubscribed != null">
        newssubscribed,
      </if>
      <if test="rewordPoints != null">
        rewordpoints,
      </if>
      <if test="defaultAddressId != null">
        defaultaddressid,
      </if>
    </trim>
    <trim prefix="values (" suffix=")" suffixOverrides=",">
      <if test="username != null">
        #{username,jdbcType=VARCHAR},
      </if>
      <if test="realName != null">
        #{realName,jdbcType=VARCHAR},
      </if>
      <if test="avatarUrl != null">
        #{avatarUrl,jdbcType=VARCHAR},
      </if>
      <if test="encryptedPassword != null">
        #{encryptedPassword,jdbcType=VARCHAR},
      </if>
      <if test="mobile != null">
        #{mobile,jdbcType=VARCHAR},
      </if>
      <if test="mobileVerified != null">
        #{mobileVerified,jdbcType=BIT},
      </if>
      <if test="email != null">
        #{email,jdbcType=VARCHAR},
      </if>
      <if test="emailVerified != null">
        #{emailVerified,jdbcType=BIT},
      </if>
      <if test="status != null">
        #{status,jdbcType=TINYINT},
      </if>
      <if test="createTime != null">
        #{createTime,jdbcType=TIMESTAMP},
      </if>
      <if test="newsSubscribed != null">
        #{newsSubscribed,jdbcType=BIT},
      </if>
      <if test="rewordPoints != null">
        #{rewordPoints,jdbcType=INTEGER},
      </if>
      <if test="defaultAddressId != null">
        #{defaultAddressId,jdbcType=INTEGER},
      </if>
    </trim>
  </insert>
  <update id="updateByPrimaryKeySelective" parameterType="io.zfh.jcartstoreback.po.Customer">
    update customer
    <set>
      <if test="username != null">
        username = #{username,jdbcType=VARCHAR},
      </if>
      <if test="realName != null">
        realname = #{realName,jdbcType=VARCHAR},
      </if>
      <if test="avatarUrl != null">
        avatarurl = #{avatarUrl,jdbcType=VARCHAR},
      </if>
      <if test="encryptedPassword != null">
        encryptedpassword = #{encryptedPassword,jdbcType=VARCHAR},
      </if>
      <if test="mobile != null">
        mobile = #{mobile,jdbcType=VARCHAR},
      </if>
      <if test="mobileVerified != null">
        mobileverified = #{mobileVerified,jdbcType=BIT},
      </if>
      <if test="email != null">
        email = #{email,jdbcType=VARCHAR},
      </if>
      <if test="emailVerified != null">
        emailverified = #{emailVerified,jdbcType=BIT},
      </if>
      <if test="status != null">
        status = #{status,jdbcType=TINYINT},
      </if>
      <if test="createTime != null">
        createtime = #{createTime,jdbcType=TIMESTAMP},
      </if>
      <if test="newsSubscribed != null">
        newssubscribed = #{newsSubscribed,jdbcType=BIT},
      </if>
      <if test="rewordPoints != null">
        rewordpoints = #{rewordPoints,jdbcType=INTEGER},
      </if>
      <if test="defaultAddressId != null">
        defaultaddressid = #{defaultAddressId,jdbcType=INTEGER},
      </if>
    </set>
    where customerid = #{customerId,jdbcType=INTEGER}
  </update>
  <update id="updateByPrimaryKey" parameterType="io.zfh.jcartstoreback.po.Customer">
    update customer
    set username = #{username,jdbcType=VARCHAR},
      realname = #{realName,jdbcType=VARCHAR},
      avatarurl = #{avatarUrl,jdbcType=VARCHAR},
      encryptedpassword = #{encryptedPassword,jdbcType=VARCHAR},
      mobile = #{mobile,jdbcType=VARCHAR},
      mobileverified = #{mobileVerified,jdbcType=BIT},
      email = #{email,jdbcType=VARCHAR},
      emailverified = #{emailVerified,jdbcType=BIT},
      status = #{status,jdbcType=TINYINT},
      createtime = #{createTime,jdbcType=TIMESTAMP},
      newssubscribed = #{newsSubscribed,jdbcType=BIT},
      rewordpoints = #{rewordPoints,jdbcType=INTEGER},
      defaultaddressid = #{defaultAddressId,jdbcType=INTEGER}
    where customerid = #{customerId,jdbcType=INTEGER}
  </update>

<!--  custom-->
  <select id="selectByUsername" resultMap="BaseResultMap">
    select
    <include refid="Base_Column_List" />
    from customer
    where username = #{username}
  </select>

  <select id="selectByEmail" resultMap="BaseResultMap">
    select
    <include refid="Base_Column_List" />
    from customer
    where email = #{email}
  </select>
</mapper>