<?xml version="1.0" encoding="UTF-8"?>
<!DOCTYPE mapper PUBLIC "-//mybatis.org//DTD Mapper 3.0//EN" "http://mybatis.org/dtd/mybatis-3-mapper.dtd">
<mapper namespace="io.zfh.jcartstoreback.dao.ProductMapper">
  <resultMap id="BaseResultMap" type="io.zfh.jcartstoreback.po.Product">
    <id column="productid" jdbcType="INTEGER" property="productId" />
    <result column="productcode" jdbcType="VARCHAR" property="productCode" />
    <result column="productname" jdbcType="VARCHAR" property="productName" />
    <result column="productabstract" jdbcType="VARCHAR" property="productAbstract" />
    <result column="price" jdbcType="DOUBLE" property="price" />
    <result column="discount" jdbcType="DOUBLE" property="discount" />
    <result column="stockquantity" jdbcType="INTEGER" property="stockQuantity" />
    <result column="status" jdbcType="TINYINT" property="status" />
    <result column="mainpicurl" jdbcType="VARCHAR" property="mainPicUrl" />
    <result column="rewordpoints" jdbcType="INTEGER" property="rewordPoints" />
    <result column="sortorder" jdbcType="INTEGER" property="sortOrder" />
  </resultMap>
  <resultMap id="ProductListOutDTO" type="io.zfh.jcartstoreback.dto.out.ProductListOutDTO">
    <id column="productid" jdbcType="INTEGER" property="productId" />
    <result column="productcode" jdbcType="VARCHAR" property="productCode" />
    <result column="productname" jdbcType="VARCHAR" property="productName" />
    <result column="productabstract" jdbcType="VARCHAR" property="productAbstract" />
    <result column="price" jdbcType="DOUBLE" property="price" />
    <result column="discount" jdbcType="DOUBLE" property="discount" />
    <result column="mainpicurl" jdbcType="VARCHAR" property="mainPicUrl" />
  </resultMap>
  <sql id="Base_Column_List">
    productid, productcode, productname, productabstract, price, discount, stockquantity,
    status, mainpicurl, rewordpoints, sortorder
  </sql>
  <select id="selectByPrimaryKey" parameterType="java.lang.Integer" resultMap="BaseResultMap">
    select 
    <include refid="Base_Column_List" />
    from product
    where productid = #{productId,jdbcType=INTEGER}
  </select>
  <delete id="deleteByPrimaryKey" parameterType="java.lang.Integer">
    delete from product
    where productid = #{productId,jdbcType=INTEGER}
  </delete>
  <insert id="insert" parameterType="io.zfh.jcartstoreback.po.Product">
    insert into product (productid, productcode, productname,
      productabstract, price, discount,
      stockquantity, status, mainpicurl,
      rewordpoints, sortorder)
    values (#{productId,jdbcType=INTEGER}, #{productCode,jdbcType=VARCHAR}, #{productName,jdbcType=VARCHAR}, 
      #{productAbstract,jdbcType=VARCHAR}, #{price,jdbcType=DOUBLE}, #{discount,jdbcType=DOUBLE}, 
      #{stockQuantity,jdbcType=INTEGER}, #{status,jdbcType=TINYINT}, #{mainPicUrl,jdbcType=VARCHAR}, 
      #{rewordPoints,jdbcType=INTEGER}, #{sortOrder,jdbcType=INTEGER})
  </insert>
  <insert id="insertSelective" parameterType="io.zfh.jcartstoreback.po.Product">
    insert into product
    <trim prefix="(" suffix=")" suffixOverrides=",">
      <if test="productId != null">
        productid,
      </if>
      <if test="productCode != null">
        productcode,
      </if>
      <if test="productName != null">
        productname,
      </if>
      <if test="productAbstract != null">
        productabstract,
      </if>
      <if test="price != null">
        price,
      </if>
      <if test="discount != null">
        discount,
      </if>
      <if test="stockQuantity != null">
        stockquantity,
      </if>
      <if test="status != null">
        status,
      </if>
      <if test="mainPicUrl != null">
        mainpicurl,
      </if>
      <if test="rewordPoints != null">
        rewordpoints,
      </if>
      <if test="sortOrder != null">
        sortorder,
      </if>
    </trim>
    <trim prefix="values (" suffix=")" suffixOverrides=",">
      <if test="productId != null">
        #{productId,jdbcType=INTEGER},
      </if>
      <if test="productCode != null">
        #{productCode,jdbcType=VARCHAR},
      </if>
      <if test="productName != null">
        #{productName,jdbcType=VARCHAR},
      </if>
      <if test="productAbstract != null">
        #{productAbstract,jdbcType=VARCHAR},
      </if>
      <if test="price != null">
        #{price,jdbcType=DOUBLE},
      </if>
      <if test="discount != null">
        #{discount,jdbcType=DOUBLE},
      </if>
      <if test="stockQuantity != null">
        #{stockQuantity,jdbcType=INTEGER},
      </if>
      <if test="status != null">
        #{status,jdbcType=TINYINT},
      </if>
      <if test="mainPicUrl != null">
        #{mainPicUrl,jdbcType=VARCHAR},
      </if>
      <if test="rewordPoints != null">
        #{rewordPoints,jdbcType=INTEGER},
      </if>
      <if test="sortOrder != null">
        #{sortOrder,jdbcType=INTEGER},
      </if>
    </trim>
  </insert>
  <update id="updateByPrimaryKeySelective" parameterType="io.zfh.jcartstoreback.po.Product">
    update product
    <set>
      <if test="productCode != null">
        productcode = #{productCode,jdbcType=VARCHAR},
      </if>
      <if test="productName != null">
        productname = #{productName,jdbcType=VARCHAR},
      </if>
      <if test="productAbstract != null">
        productabstract = #{productAbstract,jdbcType=VARCHAR},
      </if>
      <if test="price != null">
        price = #{price,jdbcType=DOUBLE},
      </if>
      <if test="discount != null">
        discount = #{discount,jdbcType=DOUBLE},
      </if>
      <if test="stockQuantity != null">
        stock_quantity = #{stockQuantity,jdbcType=INTEGER},
      </if>
      <if test="status != null">
        status = #{status,jdbcType=TINYINT},
      </if>
      <if test="mainPicUrl != null">
        mainpicurl = #{mainPicUrl,jdbcType=VARCHAR},
      </if>
      <if test="rewordPoints != null">
        rewordpoints = #{rewordPoints,jdbcType=INTEGER},
      </if>
      <if test="sortOrder != null">
        sortorder = #{sortOrder,jdbcType=INTEGER},
      </if>
    </set>
    where productid = #{productId,jdbcType=INTEGER}
  </update>
  <update id="updateByPrimaryKey" parameterType="io.zfh.jcartstoreback.po.Product">
    update product
    set productcode = #{productCode,jdbcType=VARCHAR},
      productname = #{productName,jdbcType=VARCHAR},
      productabstract = #{productAbstract,jdbcType=VARCHAR},
      price = #{price,jdbcType=DOUBLE},
      discount = #{discount,jdbcType=DOUBLE},
      stockquantity = #{stockQuantity,jdbcType=INTEGER},
      status = #{status,jdbcType=TINYINT},
      mainpicurl = #{mainPicUrl,jdbcType=VARCHAR},
      rewordpoints = #{rewordPoints,jdbcType=INTEGER},
      sortorder = #{sortOrder,jdbcType=INTEGER}
    where productid = #{productId,jdbcType=INTEGER}
  </update>

<!--  custom-->
  <select id="search" resultMap="ProductListOutDTO">
    select
    <include refid="Base_Column_List" />
    from product
    where status = 1
  </select>
</mapper>