<?xml version="1.0" encoding="UTF-8"?>
<!DOCTYPE mapper PUBLIC "-//mybatis.org//DTD Mapper 3.0//EN" "http://mybatis.org/dtd/mybatis-3-mapper.dtd">
<mapper namespace="io.cjf.jcartadministationback.dao.OrderHistoryMapper">
  <resultMap id="BaseResultMap" type="io.cjf.jcartadministationback.po.OrderHistory">
    <id column="orderhistory_id" jdbcType="BIGINT" property="orderHistoryId" />
    <result column="orderid" jdbcType="INTEGER" property="orderId" />
    <result column="time" jdbcType="TIMESTAMP" property="time" />
    <result column="orderstatus" jdbcType="TINYINT" property="orderStatus" />
    <result column="comment" jdbcType="VARCHAR" property="comment" />
    <result column="customernotified" jdbcType="BIT" property="customerNotified" />
  </resultMap>
  <sql id="Base_Column_List">
    orderhistoryid, orderid, time, orderstatus, comment, customernotified
  </sql>
  <select id="selectByPrimaryKey" parameterType="java.lang.Long" resultMap="BaseResultMap">
    select 
    <include refid="Base_Column_List" />
    from orderhistory
    where orderhistoryid = #{orderHistoryId,jdbcType=BIGINT}
  </select>
  <delete id="deleteByPrimaryKey" parameterType="java.lang.Long">
    delete from orderhistory
    where orderhistoryid = #{orderHistoryId,jdbcType=BIGINT}
  </delete>
  <insert id="insert" parameterType="io.cjf.jcartadministationback.po.OrderHistory">
    insert into orderhistory (orderhistoryid, orderid, time,
      orderstatus, comment, customernotified
      )
    values (#{orderHistoryId,jdbcType=BIGINT}, #{orderId,jdbcType=INTEGER}, #{time,jdbcType=TIMESTAMP}, 
      #{orderStatus,jdbcType=TINYINT}, #{comment,jdbcType=VARCHAR}, #{customerNotified,jdbcType=BIT}
      )
  </insert>
  <insert id="insertSelective" parameterType="io.cjf.jcartadministationback.po.OrderHistory">
    insert into orderhistory
    <trim prefix="(" suffix=")" suffixOverrides=",">
      <if test="orderHistoryId != null">
        orderhistoryid,
      </if>
      <if test="orderId != null">
        orderid,
      </if>
      <if test="time != null">
        time,
      </if>
      <if test="orderStatus != null">
        orderstatus,
      </if>
      <if test="comment != null">
        comment,
      </if>
      <if test="customerNotified != null">
        customernotified,
      </if>
    </trim>
    <trim prefix="values (" suffix=")" suffixOverrides=",">
      <if test="orderHistoryId != null">
        #{orderHistoryId,jdbcType=BIGINT},
      </if>
      <if test="orderId != null">
        #{orderId,jdbcType=INTEGER},
      </if>
      <if test="time != null">
        #{time,jdbcType=TIMESTAMP},
      </if>
      <if test="orderStatus != null">
        #{orderStatus,jdbcType=TINYINT},
      </if>
      <if test="comment != null">
        #{comment,jdbcType=VARCHAR},
      </if>
      <if test="customerNotified != null">
        #{customerNotified,jdbcType=BIT},
      </if>
    </trim>
  </insert>
  <update id="updateByPrimaryKeySelective" parameterType="io.cjf.jcartadministationback.po.OrderHistory">
    update orderhistory
    <set>
      <if test="orderId != null">
        orderid = #{orderId,jdbcType=INTEGER},
      </if>
      <if test="time != null">
        time = #{time,jdbcType=TIMESTAMP},
      </if>
      <if test="orderStatus != null">
        orderstatus = #{orderStatus,jdbcType=TINYINT},
      </if>
      <if test="comment != null">
        comment = #{comment,jdbcType=VARCHAR},
      </if>
      <if test="customerNotified != null">
        customernotified = #{customerNotified,jdbcType=BIT},
      </if>
    </set>
    where orderhistoryid = #{orderHistoryId,jdbcType=BIGINT}
  </update>
  <update id="updateByPrimaryKey" parameterType="io.cjf.jcartadministationback.po.OrderHistory">
    update orderhistory
    set orderid = #{orderId,jdbcType=INTEGER},
      time = #{time,jdbcType=TIMESTAMP},
      orderstatus = #{orderStatus,jdbcType=TINYINT},
      comment = #{comment,jdbcType=VARCHAR},
      customernotified = #{customerNotified,jdbcType=BIT}
    where orderhistoryid = #{orderHistoryId,jdbcType=BIGINT}
  </update>
</mapper>