<?xml version="1.0" encoding="UTF-8"?>
<!DOCTYPE mapper PUBLIC "-//mybatis.org//DTD Mapper 3.0//EN" "http://mybatis.org/dtd/mybatis-3-mapper.dtd">
<mapper namespace="io.cjf.jcartadministationback.dao.ProductDetailMapper">
  <resultMap id="BaseResultMap" type="io.cjf.jcartadministationback.po.ProductDetail">
    <id column="productid" jdbcType="INTEGER" property="productId" />
    <result column="otherpicurls" jdbcType="VARCHAR" property="otherPicUrls" />
  </resultMap>
  <resultMap extends="BaseResultMap" id="ResultMapWithBLOBs" type="io.cjf.jcartadministationback.po.ProductDetail">
    <result column="description" jdbcType="LONGVARCHAR" property="description" />
  </resultMap>
  <sql id="Base_Column_List">
    productid, otherpicurls
  </sql>
  <sql id="Blob_Column_List">
    description
  </sql>
  <select id="selectByPrimaryKey" parameterType="java.lang.Integer" resultMap="ResultMapWithBLOBs">
    select 
    <include refid="Base_Column_List" />
    ,
    <include refid="Blob_Column_List" />
    from productdetail
    where productid = #{productId,jdbcType=INTEGER}
  </select>
  <delete id="deleteByPrimaryKey" parameterType="java.lang.Integer">
    delete from productdetail
    where productid = #{productId,jdbcType=INTEGER}
  </delete>
  <insert id="insert" parameterType="io.cjf.jcartadministationback.po.ProductDetail">
    insert into productdetail (productid, otherpicurls, description
      )
    values (#{productId,jdbcType=INTEGER}, #{otherPicUrls,jdbcType=VARCHAR}, #{description,jdbcType=LONGVARCHAR}
      )
  </insert>
  <insert id="insertSelective" parameterType="io.cjf.jcartadministationback.po.ProductDetail">
    insert into productdetail
    <trim prefix="(" suffix=")" suffixOverrides=",">
      <if test="productId != null">
        productid,
      </if>
      <if test="otherPicUrls != null">
        otherpicurls,
      </if>
      <if test="description != null">
        description,
      </if>
    </trim>
    <trim prefix="values (" suffix=")" suffixOverrides=",">
      <if test="productId != null">
        #{productId,jdbcType=INTEGER},
      </if>
      <if test="otherPicUrls != null">
        #{otherPicUrls,jdbcType=VARCHAR},
      </if>
      <if test="description != null">
        #{description,jdbcType=LONGVARCHAR},
      </if>
    </trim>
  </insert>
  <update id="updateByPrimaryKeySelective" parameterType="io.cjf.jcartadministationback.po.ProductDetail">
    update productdetail
    <set>
      <if test="otherPicUrls != null">
        otherpicurls = #{otherPicUrls,jdbcType=VARCHAR},
      </if>
      <if test="description != null">
        description = #{description,jdbcType=LONGVARCHAR},
      </if>
    </set>
    where productid = #{productId,jdbcType=INTEGER}
  </update>
  <update id="updateByPrimaryKeyWithBLOBs" parameterType="io.cjf.jcartadministationback.po.ProductDetail">
    update productdetail
    set otherpicurls = #{otherPicUrls,jdbcType=VARCHAR},
      description = #{description,jdbcType=LONGVARCHAR}
    where productid = #{productId,jdbcType=INTEGER}
  </update>
  <update id="updateByPrimaryKey" parameterType="io.cjf.jcartadministationback.po.ProductDetail">
    update productdetail
    set otherpicurls = #{otherPicUrls,jdbcType=VARCHAR}
    where productid = #{productId,jdbcType=INTEGER}
  </update>

<!--  custom-->
  <delete id="batchDelete">
    delete from productdetail
    where productid in
    <foreach item="item" index="index" collection="productIds"
             open="(" separator="," close=")">
      #{item}
    </foreach>
  </delete>
</mapper>