<?xml version="1.0" encoding="UTF-8"?>
<!DOCTYPE mapper PUBLIC "-//mybatis.org//DTD Mapper 3.0//EN" "http://mybatis.org/dtd/mybatis-3-mapper.dtd">
<mapper namespace="io.cjf.jcartadministationback.dao.ReturnHistoryMapper">
  <resultMap id="BaseResultMap" type="io.cjf.jcartadministationback.po.ReturnHistory">
    <id column="returnhistoryid" jdbcType="BIGINT" property="returnHistoryId" />
    <result column="returnid" jdbcType="INTEGER" property="returnId" />
    <result column="time" jdbcType="TIMESTAMP" property="time" />
    <result column="returnstatus" jdbcType="TINYINT" property="returnStatus" />
    <result column="comment" jdbcType="VARCHAR" property="comment" />
    <result column="customernotified" jdbcType="BIT" property="customerNotified" />
  </resultMap>
  <sql id="Base_Column_List">
    returnhistoryid, returnid, time, returnstatus, comment, customernotified
  </sql>
  <select id="selectByPrimaryKey" parameterType="java.lang.Long" resultMap="BaseResultMap">
    select 
    <include refid="Base_Column_List" />
    from returnhistory
    where returnhistoryid = #{returnHistoryId,jdbcType=BIGINT}
  </select>
  <delete id="deleteByPrimaryKey" parameterType="java.lang.Long">
    delete from returnhistory
    where returnhistoryid = #{returnHistoryId,jdbcType=BIGINT}
  </delete>
  <insert id="insert" parameterType="io.cjf.jcartadministationback.po.ReturnHistory">
    insert into returnhistory (returnhistoryid, returnid, time,
      returnstatus, comment, customernotified
      )
    values (#{returnHistoryId,jdbcType=BIGINT}, #{returnId,jdbcType=INTEGER}, #{time,jdbcType=TIMESTAMP}, 
      #{returnStatus,jdbcType=TINYINT}, #{comment,jdbcType=VARCHAR}, #{customerNotified,jdbcType=BIT}
      )
  </insert>
  <insert id="insertSelective" parameterType="io.cjf.jcartadministationback.po.ReturnHistory">
    insert into returnhistory
    <trim prefix="(" suffix=")" suffixOverrides=",">
      <if test="returnHistoryId != null">
        returnhistoryid,
      </if>
      <if test="returnId != null">
        returnid,
      </if>
      <if test="time != null">
        time,
      </if>
      <if test="returnStatus != null">
        returnstatus,
      </if>
      <if test="comment != null">
        comment,
      </if>
      <if test="customerNotified != null">
        customernotified,
      </if>
    </trim>
    <trim prefix="values (" suffix=")" suffixOverrides=",">
      <if test="returnHistoryId != null">
        #{returnHistoryId,jdbcType=BIGINT},
      </if>
      <if test="returnId != null">
        #{returnId,jdbcType=INTEGER},
      </if>
      <if test="time != null">
        #{time,jdbcType=TIMESTAMP},
      </if>
      <if test="returnStatus != null">
        #{returnStatus,jdbcType=TINYINT},
      </if>
      <if test="comment != null">
        #{comment,jdbcType=VARCHAR},
      </if>
      <if test="customerNotified != null">
        #{customerNotified,jdbcType=BIT},
      </if>
    </trim>
  </insert>
  <update id="updateByPrimaryKeySelective" parameterType="io.cjf.jcartadministationback.po.ReturnHistory">
    update returnhistory
    <set>
      <if test="returnId != null">
        returnid = #{returnId,jdbcType=INTEGER},
      </if>
      <if test="time != null">
        time = #{time,jdbcType=TIMESTAMP},
      </if>
      <if test="returnStatus != null">
        returnstatus = #{returnStatus,jdbcType=TINYINT},
      </if>
      <if test="comment != null">
        comment = #{comment,jdbcType=VARCHAR},
      </if>
      <if test="customerNotified != null">
        customernotified = #{customerNotified,jdbcType=BIT},
      </if>
    </set>
    where returnhistoryid = #{returnHistoryId,jdbcType=BIGINT}
  </update>
  <update id="updateByPrimaryKey" parameterType="io.cjf.jcartadministationback.po.ReturnHistory">
    update returnhistory
    set returnid = #{returnId,jdbcType=INTEGER},
      time = #{time,jdbcType=TIMESTAMP},
      returnstatus = #{returnStatus,jdbcType=TINYINT},
      comment = #{comment,jdbcType=VARCHAR},
      customernotified = #{customerNotified,jdbcType=BIT}
    where returnhistoryid = #{returnHistoryId,jdbcType=BIGINT}
  </update>
</mapper>