<?xml version="1.0" encoding="UTF-8"?>
<!DOCTYPE mapper PUBLIC "-//mybatis.org//DTD Mapper 3.0//EN" "http://mybatis.org/dtd/mybatis-3-mapper.dtd">
<mapper namespace="io.cjf.jcartstoreback.dao.OrderMapper">
  <resultMap id="BaseResultMap" type="io.cjf.jcartstoreback.po.Order">
    <id column="orderid" jdbcType="BIGINT" property="orderId" />
    <result column="customerid" jdbcType="INTEGER" property="customerId" />
    <result column="status" jdbcType="TINYINT" property="status" />
    <result column="totalprice" jdbcType="DOUBLE" property="totalPrice" />
    <result column="rewordpoints" jdbcType="INTEGER" property="rewordPoints" />
    <result column="createtime" jdbcType="TIMESTAMP" property="createTime" />
    <result column="updatetime" jdbcType="TIMESTAMP" property="updateTime" />
  </resultMap>
  <sql id="Base_Column_List">
    orderid, customerid, status, totalprice, rewordpoints, createtime, updatetime
  </sql>
  <select id="selectByPrimaryKey" parameterType="java.lang.Long" resultMap="BaseResultMap">
    select 
    <include refid="Base_Column_List" />
    from order
    where orderid = #{orderId,jdbcType=BIGINT}
  </select>
  <delete id="deleteByPrimaryKey" parameterType="java.lang.Long">
    delete from order
    where orderid = #{orderId,jdbcType=BIGINT}
  </delete>
  <insert id="insert" parameterType="io.cjf.jcartstoreback.po.Order">
    insert into order (orderid, customerid, status,
      totalprice, rewordpoints, createtime,
      updatetime)
    values (#{orderId,jdbcType=BIGINT}, #{customerId,jdbcType=INTEGER}, #{status,jdbcType=TINYINT}, 
      #{totalPrice,jdbcType=DOUBLE}, #{rewordPoints,jdbcType=INTEGER}, #{createTime,jdbcType=TIMESTAMP}, 
      #{updateTime,jdbcType=TIMESTAMP})
  </insert>
  <insert id="insertSelective" parameterType="io.cjf.jcartstoreback.po.Order" useGeneratedKeys="true" keyProperty="orderId">
    insert into order
    <trim prefix="(" suffix=")" suffixOverrides=",">
      <if test="customerId != null">
        customerid,
      </if>
      <if test="status != null">
        status,
      </if>
      <if test="totalPrice != null">
        totalprice,
      </if>
      <if test="rewordPoints != null">
        rewordpoints,
      </if>
      <if test="createTime != null">
        createtime,
      </if>
      <if test="updateTime != null">
        updatetime,
      </if>
    </trim>
    <trim prefix="values (" suffix=")" suffixOverrides=",">
      <if test="customerId != null">
        #{customerId,jdbcType=INTEGER},
      </if>
      <if test="status != null">
        #{status,jdbcType=TINYINT},
      </if>
      <if test="totalPrice != null">
        #{totalPrice,jdbcType=DOUBLE},
      </if>
      <if test="rewordPoints != null">
        #{rewordPoints,jdbcType=INTEGER},
      </if>
      <if test="createTime != null">
        #{createTime,jdbcType=TIMESTAMP},
      </if>
      <if test="updateTime != null">
        #{updateTime,jdbcType=TIMESTAMP},
      </if>
    </trim>
  </insert>
  <update id="updateByPrimaryKeySelective" parameterType="io.cjf.jcartstoreback.po.Order">
    update order
    <set>
      <if test="customerId != null">
        customerid = #{customerId,jdbcType=INTEGER},
      </if>
      <if test="status != null">
        status = #{status,jdbcType=TINYINT},
      </if>
      <if test="totalPrice != null">
        totalprice = #{totalPrice,jdbcType=DOUBLE},
      </if>
      <if test="rewordPoints != null">
        rewordpoints = #{rewordPoints,jdbcType=INTEGER},
      </if>
      <if test="createTime != null">
        createtime = #{createTime,jdbcType=TIMESTAMP},
      </if>
      <if test="updateTime != null">
        updatetime = #{updateTime,jdbcType=TIMESTAMP},
      </if>
    </set>
    where order_id = #{orderId,jdbcType=BIGINT}
  </update>
  <update id="updateByPrimaryKey" parameterType="io.cjf.jcartstoreback.po.Order">
    update order
    set customerid = #{customerId,jdbcType=INTEGER},
      status = #{status,jdbcType=TINYINT},
      totalprice = #{totalPrice,jdbcType=DOUBLE},
      rewordpoints = #{rewordPoints,jdbcType=INTEGER},
      createtime = #{createTime,jdbcType=TIMESTAMP},
      updatetime = #{updateTime,jdbcType=TIMESTAMP}
    where orderid = #{orderId,jdbcType=BIGINT}
  </update>
</mapper>