<?xml version="1.0" encoding="UTF-8"?>
<!DOCTYPE mapper PUBLIC "-//mybatis.org//DTD Mapper 3.0//EN" "http://mybatis.org/dtd/mybatis-3-mapper.dtd">
<mapper namespace="io.cjf.jcartstoreback.dao.OrderDetailMapper">
  <resultMap id="BaseResultMap" type="io.cjf.jcartstoreback.po.OrderDetail">
    <id column="orderid" jdbcType="BIGINT" property="orderId" />
    <result column="shipmethod" jdbcType="SMALLINT" property="shipMethod" />
    <result column="shipaddress" jdbcType="VARCHAR" property="shipAddress" />
    <result column="shipprice" jdbcType="DOUBLE" property="shipPrice" />
    <result column="paymethod" jdbcType="SMALLINT" property="payMethod" />
    <result column="invoiceaddress" jdbcType="VARCHAR" property="invoiceAddress" />
    <result column="invoiceprice" jdbcType="DOUBLE" property="invoicePrice" />
    <result column="comment" jdbcType="VARCHAR" property="comment" />
  </resultMap>
  <resultMap extends="BaseResultMap" id="ResultMapWithBLOBs" type="io.cjf.jcartstoreback.po.OrderDetail">
    <result column="orderproducts" jdbcType="LONGVARCHAR" property="orderProducts" />
  </resultMap>
  <sql id="Base_Column_List">
    orderid, shipmethod, shipaddress, shipprice, paymethod, invoiceaddress, invoiceprice,
    comment
  </sql>
  <sql id="Blob_Column_List">
    orderproducts
  </sql>
  <select id="selectByPrimaryKey" parameterType="java.lang.Long" resultMap="ResultMapWithBLOBs">
    select 
    <include refid="Base_Column_List" />
    ,
    <include refid="Blob_Column_List" />
    from orderdetail
    where orderid = #{orderId,jdbcType=BIGINT}
  </select>
  <delete id="deleteByPrimaryKey" parameterType="java.lang.Long">
    delete from orderdetail
    where orderid = #{orderId,jdbcType=BIGINT}
  </delete>
  <insert id="insert" parameterType="io.cjf.jcartstoreback.po.OrderDetail">
    insert into orderdetail (orderid, shipmethod, shipaddress,
      shipprice, paymethod, invoiceaddress,
      invoiceprice, comment, orderproducts
      )
    values (#{orderId,jdbcType=BIGINT}, #{shipMethod,jdbcType=SMALLINT}, #{shipAddress,jdbcType=VARCHAR}, 
      #{shipPrice,jdbcType=DOUBLE}, #{payMethod,jdbcType=SMALLINT}, #{invoiceAddress,jdbcType=VARCHAR}, 
      #{invoicePrice,jdbcType=DOUBLE}, #{comment,jdbcType=VARCHAR}, #{orderProducts,jdbcType=LONGVARCHAR}
      )
  </insert>
  <insert id="insertSelective" parameterType="io.cjf.jcartstoreback.po.OrderDetail">
    insert into orderdetail
    <trim prefix="(" suffix=")" suffixOverrides=",">
      <if test="orderId != null">
        orderid,
      </if>
      <if test="shipMethod != null">
        shipmethod,
      </if>
      <if test="shipAddress != null">
        shipaddress,
      </if>
      <if test="shipPrice != null">
        shipprice,
      </if>
      <if test="payMethod != null">
        paymethod,
      </if>
      <if test="invoiceAddress != null">
        invoiceaddress,
      </if>
      <if test="invoicePrice != null">
        invoiceprice,
      </if>
      <if test="comment != null">
        comment,
      </if>
      <if test="orderProducts != null">
        orderproducts,
      </if>
    </trim>
    <trim prefix="values (" suffix=")" suffixOverrides=",">
      <if test="orderId != null">
        #{orderId,jdbcType=BIGINT},
      </if>
      <if test="shipMethod != null">
        #{shipMethod,jdbcType=SMALLINT},
      </if>
      <if test="shipAddress != null">
        #{shipAddress,jdbcType=VARCHAR},
      </if>
      <if test="shipPrice != null">
        #{shipPrice,jdbcType=DOUBLE},
      </if>
      <if test="payMethod != null">
        #{payMethod,jdbcType=SMALLINT},
      </if>
      <if test="invoiceAddress != null">
        #{invoiceAddress,jdbcType=VARCHAR},
      </if>
      <if test="invoicePrice != null">
        #{invoicePrice,jdbcType=DOUBLE},
      </if>
      <if test="comment != null">
        #{comment,jdbcType=VARCHAR},
      </if>
      <if test="orderProducts != null">
        #{orderProducts,jdbcType=LONGVARCHAR},
      </if>
    </trim>
  </insert>
  <update id="updateByPrimaryKeySelective" parameterType="io.cjf.jcartstoreback.po.OrderDetail">
    update order_detail
    <set>
      <if test="shipMethod != null">
        shipmethod = #{shipMethod,jdbcType=SMALLINT},
      </if>
      <if test="shipAddress != null">
        shipaddress = #{shipAddress,jdbcType=VARCHAR},
      </if>
      <if test="shipPrice != null">
        shipprice = #{shipPrice,jdbcType=DOUBLE},
      </if>
      <if test="payMethod != null">
        paymethod = #{payMethod,jdbcType=SMALLINT},
      </if>
      <if test="invoiceAddress != null">
        invoiceaddress = #{invoiceAddress,jdbcType=VARCHAR},
      </if>
      <if test="invoicePrice != null">
        invoiceprice = #{invoicePrice,jdbcType=DOUBLE},
      </if>
      <if test="comment != null">
        comment = #{comment,jdbcType=VARCHAR},
      </if>
      <if test="orderProducts != null">
        orderproducts = #{orderProducts,jdbcType=LONGVARCHAR},
      </if>
    </set>
    where orderid = #{orderId,jdbcType=BIGINT}
  </update>
  <update id="updateByPrimaryKeyWithBLOBs" parameterType="io.cjf.jcartstoreback.po.OrderDetail">
    update orderdetail
    set shipmethod = #{shipMethod,jdbcType=SMALLINT},
      shipaddress = #{shipAddress,jdbcType=VARCHAR},
      shipprice = #{shipPrice,jdbcType=DOUBLE},
      paymethod = #{payMethod,jdbcType=SMALLINT},
      invoiceaddress = #{invoiceAddress,jdbcType=VARCHAR},
      invoiceprice = #{invoicePrice,jdbcType=DOUBLE},
      comment = #{comment,jdbcType=VARCHAR},
      orderproducts = #{orderProducts,jdbcType=LONGVARCHAR}
    where orderid = #{orderId,jdbcType=BIGINT}
  </update>
  <update id="updateByPrimaryKey" parameterType="io.cjf.jcartstoreback.po.OrderDetail">
    update orderdetail
    set shipmethod = #{shipMethod,jdbcType=SMALLINT},
      shipaddress = #{shipAddress,jdbcType=VARCHAR},
      shipprice = #{shipPrice,jdbcType=DOUBLE},
      paymethod = #{payMethod,jdbcType=SMALLINT},
      invoiceaddress = #{invoiceAddress,jdbcType=VARCHAR},
      invoiceprice = #{invoicePrice,jdbcType=DOUBLE},
      comment = #{comment,jdbcType=VARCHAR}
    where orderid = #{orderId,jdbcType=BIGINT}
  </update>
</mapper>