<?xml version="1.0" encoding="UTF-8"?>
<!DOCTYPE mapper PUBLIC "-//mybatis.org//DTD Mapper 3.0//EN" "http://mybatis.org/dtd/mybatis-3-mapper.dtd">
<mapper namespace="io.zfh.jcartadministationback.dao.AdministratorMapper">
  <resultMap id="BaseResultMap" type="io.zfh.jcartadministationback.po.Administrator">
    <id column="administratorid" jdbcType="INTEGER" property="administratorId" />
    <result column="username" jdbcType="VARCHAR" property="username" />
    <result column="realname" jdbcType="VARCHAR" property="realName" />
    <result column="email" jdbcType="VARCHAR" property="email" />
    <result column="encryptedpassword" jdbcType="VARCHAR" property="encryptedPassword" />
    <result column="status" jdbcType="TINYINT" property="status" />
    <result column="createtime" jdbcType="TIMESTAMP" property="createTime" />
    <result column="avatarurl" jdbcType="VARCHAR" property="avatarUrl" />
  </resultMap>
  <sql id="Base_Column_List">
    administratorid, username, realname, email, encryptedpassword, status, createtime,
    avatarurl
  </sql>
  <select id="selectByPrimaryKey" parameterType="java.lang.Integer" resultMap="BaseResultMap">
    select 
    <include refid="Base_Column_List" />
    from administrator
    where administratorid = #{administratorId,jdbcType=INTEGER}
  </select>
  <delete id="deleteByPrimaryKey" parameterType="java.lang.Integer">
    delete from administrator
    where administratorid = #{administratorId,jdbcType=INTEGER}
  </delete>
  <insert id="insert" parameterType="io.zfh.jcartadministationback.po.Administrator">
    insert into administrator (administratorid, username, realname,
      email, encryptedpassword, status,
      createtime, avatarurl)
    values (#{administratorId,jdbcType=INTEGER}, #{username,jdbcType=VARCHAR}, #{realName,jdbcType=VARCHAR}, 
      #{email,jdbcType=VARCHAR}, #{encryptedPassword,jdbcType=VARCHAR}, #{status,jdbcType=TINYINT}, 
      #{createTime,jdbcType=TIMESTAMP}, #{avatarUrl,jdbcType=VARCHAR})
  </insert>
  <insert id="insertSelective" parameterType="io.zfh.jcartadministationback.po.Administrator">
    insert into jcart_administrator
    <trim prefix="(" suffix=")" suffixOverrides=",">
      <if test="administratorId != null">
        administratorid,
      </if>
      <if test="username != null">
        username,
      </if>
      <if test="realName != null">
        realname,
      </if>
      <if test="email != null">
        email,
      </if>
      <if test="encryptedPassword != null">
        encryptedpassword,
      </if>
      <if test="status != null">
        status,
      </if>
      <if test="createTime != null">
        createtime,
      </if>
      <if test="avatarUrl != null">
        avatarurl,
      </if>
    </trim>
    <trim prefix="values (" suffix=")" suffixOverrides=",">
      <if test="administratorId != null">
        #{administratorId,jdbcType=INTEGER},
      </if>
      <if test="username != null">
        #{username,jdbcType=VARCHAR},
      </if>
      <if test="realName != null">
        #{realName,jdbcType=VARCHAR},
      </if>
      <if test="email != null">
        #{email,jdbcType=VARCHAR},
      </if>
      <if test="encryptedPassword != null">
        #{encryptedPassword,jdbcType=VARCHAR},
      </if>
      <if test="status != null">
        #{status,jdbcType=TINYINT},
      </if>
      <if test="createTime != null">
        #{createTime,jdbcType=TIMESTAMP},
      </if>
      <if test="avatarUrl != null">
        #{avatarUrl,jdbcType=VARCHAR},
      </if>
    </trim>
  </insert>
  <update id="updateByPrimaryKeySelective" parameterType="io.zfh.jcartadministationback.po.Administrator">
    update administrator
    <set>
      <if test="username != null">
        username = #{username,jdbcType=VARCHAR},
      </if>
      <if test="realName != null">
        realname = #{realName,jdbcType=VARCHAR},
      </if>
      <if test="email != null">
        email = #{email,jdbcType=VARCHAR},
      </if>
      <if test="encryptedPassword != null">
        encryptedpassword = #{encryptedPassword,jdbcType=VARCHAR},
      </if>
      <if test="status != null">
        status = #{status,jdbcType=TINYINT},
      </if>
      <if test="createTime != null">
        createtime = #{createTime,jdbcType=TIMESTAMP},
      </if>
      <if test="avatarUrl != null">
        avatarurl = #{avatarUrl,jdbcType=VARCHAR},
      </if>
    </set>
    where administrator_id = #{administratorId,jdbcType=INTEGER}
  </update>
  <update id="updateByPrimaryKey" parameterType="io.zfh.jcartadministationback.po.Administrator">
    update administrator
    set username = #{username,jdbcType=VARCHAR},
      realname = #{realName,jdbcType=VARCHAR},
      email = #{email,jdbcType=VARCHAR},
      encryptedpassword = #{encryptedPassword,jdbcType=VARCHAR},
      status = #{status,jdbcType=TINYINT},
      createtime = #{createTime,jdbcType=TIMESTAMP},
      avatarurl = #{avatarUrl,jdbcType=VARCHAR}
    where administratorid = #{administratorId,jdbcType=INTEGER}
  </update>

  <select id="getByUsername" resultMap="BaseResultMap">
    select
    <include refid="Base_Column_List" />
    from administrator
    where username = #{username}
  </select>

  <select id="selectByUsername" resultMap="BaseResultMap">
    select
    <include refid="Base_Column_List" />
    from administrator
    where username = #{username}
  </select>

  <delete id="batchDelete">
    delete from administrator
    where administratorid in
    <foreach item="item" index="index" collection="administratorIds"
             open="(" separator="," close=")">
      #{item}
    </foreach>
  </delete>

  <select id="selectList" resultMap="BaseResultMap">
    select
    <include refid="Base_Column_List" />
    from administrator
  </select>
</mapper>