<?xml version="1.0" encoding="UTF-8"?>
<!DOCTYPE mapper PUBLIC "-//mybatis.org//DTD Mapper 3.0//EN" "http://mybatis.org/dtd/mybatis-3-mapper.dtd">
<mapper namespace="io.zfh.jcartadministationback.dao.ReturnMapper">
  <resultMap id="BaseResultMap" type="io.zfh.jcartadministationback.po.Return">
    <id column="returnid" jdbcType="INTEGER" property="returnId" />
    <result column="orderid" jdbcType="BIGINT" property="orderId" />
    <result column="ordertime" jdbcType="TIMESTAMP" property="orderTime" />
    <result column="customerid" jdbcType="INTEGER" property="customerId" />
    <result column="customername" jdbcType="VARCHAR" property="customerName" />
    <result column="mobile" jdbcType="VARCHAR" property="mobile" />
    <result column="email" jdbcType="VARCHAR" property="email" />
    <result column="status" jdbcType="TINYINT" property="status" />
    <result column="action" jdbcType="TINYINT" property="action" />
    <result column="productcode" jdbcType="VARCHAR" property="productCode" />
    <result column="productname" jdbcType="VARCHAR" property="productName" />
    <result column="quantity" jdbcType="INTEGER" property="quantity" />
    <result column="reason" jdbcType="TINYINT" property="reason" />
    <result column="opened" jdbcType="BIT" property="opened" />
    <result column="comment" jdbcType="VARCHAR" property="comment" />
    <result column="createtime" jdbcType="TIMESTAMP" property="createTime" />
    <result column="updatetime" jdbcType="TIMESTAMP" property="updateTime" />
  </resultMap>
  <sql id="Base_Column_List">
    returnid, orderid, ordertime, customerid, customername, mobile, email, status,
    action, productcode, productname, quantity, reason, opened, comment, createtime,
    updatetime
  </sql>
  <select id="selectByPrimaryKey" parameterType="java.lang.Integer" resultMap="BaseResultMap">
    select 
    <include refid="Base_Column_List" />
    from return
    where returnid = #{returnId,jdbcType=INTEGER}
  </select>
  <delete id="deleteByPrimaryKey" parameterType="java.lang.Integer">
    delete from return
    where returnid = #{returnId,jdbcType=INTEGER}
  </delete>
  <insert id="insert" parameterType="io.zfh.jcartadministationback.po.Return">
    insert into return (returnid, orderid, ordertime,
      customerid, customername, mobile,
      email, status, action, 
      productcode, productname, quantity,
      reason, opened, comment, 
      createtime, updatetime)
    values (#{returnId,jdbcType=INTEGER}, #{orderId,jdbcType=BIGINT}, #{orderTime,jdbcType=TIMESTAMP}, 
      #{customerId,jdbcType=INTEGER}, #{customerName,jdbcType=VARCHAR}, #{mobile,jdbcType=VARCHAR}, 
      #{email,jdbcType=VARCHAR}, #{status,jdbcType=TINYINT}, #{action,jdbcType=TINYINT}, 
      #{productCode,jdbcType=VARCHAR}, #{productName,jdbcType=VARCHAR}, #{quantity,jdbcType=INTEGER}, 
      #{reason,jdbcType=TINYINT}, #{opened,jdbcType=BIT}, #{comment,jdbcType=VARCHAR}, 
      #{createTime,jdbcType=TIMESTAMP}, #{updateTime,jdbcType=TIMESTAMP})
  </insert>
  <insert id="insertSelective" parameterType="io.zfh.jcartadministationback.po.Return">
    insert into return
    <trim prefix="(" suffix=")" suffixOverrides=",">
      <if test="returnId != null">
        returnid,
      </if>
      <if test="orderId != null">
        orderid,
      </if>
      <if test="orderTime != null">
        ordertime,
      </if>
      <if test="customerId != null">
        customerid,
      </if>
      <if test="customerName != null">
        customername,
      </if>
      <if test="mobile != null">
        mobile,
      </if>
      <if test="email != null">
        email,
      </if>
      <if test="status != null">
        status,
      </if>
      <if test="action != null">
        action,
      </if>
      <if test="productCode != null">
        productcode,
      </if>
      <if test="productName != null">
        productname,
      </if>
      <if test="quantity != null">
        quantity,
      </if>
      <if test="reason != null">
        reason,
      </if>
      <if test="opened != null">
        opened,
      </if>
      <if test="comment != null">
        comment,
      </if>
      <if test="createTime != null">
        createtime,
      </if>
      <if test="updateTime != null">
        updatetime,
      </if>
    </trim>
    <trim prefix="values (" suffix=")" suffixOverrides=",">
      <if test="returnId != null">
        #{returnId,jdbcType=INTEGER},
      </if>
      <if test="orderId != null">
        #{orderId,jdbcType=BIGINT},
      </if>
      <if test="orderTime != null">
        #{orderTime,jdbcType=TIMESTAMP},
      </if>
      <if test="customerId != null">
        #{customerId,jdbcType=INTEGER},
      </if>
      <if test="customerName != null">
        #{customerName,jdbcType=VARCHAR},
      </if>
      <if test="mobile != null">
        #{mobile,jdbcType=VARCHAR},
      </if>
      <if test="email != null">
        #{email,jdbcType=VARCHAR},
      </if>
      <if test="status != null">
        #{status,jdbcType=TINYINT},
      </if>
      <if test="action != null">
        #{action,jdbcType=TINYINT},
      </if>
      <if test="productCode != null">
        #{productCode,jdbcType=VARCHAR},
      </if>
      <if test="productName != null">
        #{productName,jdbcType=VARCHAR},
      </if>
      <if test="quantity != null">
        #{quantity,jdbcType=INTEGER},
      </if>
      <if test="reason != null">
        #{reason,jdbcType=TINYINT},
      </if>
      <if test="opened != null">
        #{opened,jdbcType=BIT},
      </if>
      <if test="comment != null">
        #{comment,jdbcType=VARCHAR},
      </if>
      <if test="createTime != null">
        #{createTime,jdbcType=TIMESTAMP},
      </if>
      <if test="updateTime != null">
        #{updateTime,jdbcType=TIMESTAMP},
      </if>
    </trim>
  </insert>
  <update id="updateByPrimaryKeySelective" parameterType="io.zfh.jcartadministationback.po.Return">
    update return
    <set>
      <if test="orderId != null">
        orderid = #{orderId,jdbcType=BIGINT},
      </if>
      <if test="orderTime != null">
        ordertime = #{orderTime,jdbcType=TIMESTAMP},
      </if>
      <if test="customerId != null">
        customerid = #{customerId,jdbcType=INTEGER},
      </if>
      <if test="customerName != null">
        customername = #{customerName,jdbcType=VARCHAR},
      </if>
      <if test="mobile != null">
        mobile = #{mobile,jdbcType=VARCHAR},
      </if>
      <if test="email != null">
        email = #{email,jdbcType=VARCHAR},
      </if>
      <if test="status != null">
        status = #{status,jdbcType=TINYINT},
      </if>
      <if test="action != null">
        action = #{action,jdbcType=TINYINT},
      </if>
      <if test="productCode != null">
        productcode = #{productCode,jdbcType=VARCHAR},
      </if>
      <if test="productName != null">
        productname = #{productName,jdbcType=VARCHAR},
      </if>
      <if test="quantity != null">
        quantity = #{quantity,jdbcType=INTEGER},
      </if>
      <if test="reason != null">
        reason = #{reason,jdbcType=TINYINT},
      </if>
      <if test="opened != null">
        opened = #{opened,jdbcType=BIT},
      </if>
      <if test="comment != null">
        comment = #{comment,jdbcType=VARCHAR},
      </if>
      <if test="createTime != null">
        createtime = #{createTime,jdbcType=TIMESTAMP},
      </if>
      <if test="updateTime != null">
        updatetime = #{updateTime,jdbcType=TIMESTAMP},
      </if>
    </set>
    where returnid = #{returnId,jdbcType=INTEGER}
  </update>
  <update id="updateByPrimaryKey" parameterType="io.zfh.jcartadministationback.po.Return">
    update return
    set orderid = #{orderId,jdbcType=BIGINT},
      ordertime = #{orderTime,jdbcType=TIMESTAMP},
      customerid = #{customerId,jdbcType=INTEGER},
      customername = #{customerName,jdbcType=VARCHAR},
      mobile = #{mobile,jdbcType=VARCHAR},
      email = #{email,jdbcType=VARCHAR},
      status = #{status,jdbcType=TINYINT},
      action = #{action,jdbcType=TINYINT},
      productcode = #{productCode,jdbcType=VARCHAR},
      productname = #{productName,jdbcType=VARCHAR},
      quantity = #{quantity,jdbcType=INTEGER},
      reason = #{reason,jdbcType=TINYINT},
      opened = #{opened,jdbcType=BIT},
      comment = #{comment,jdbcType=VARCHAR},
      createtime = #{createTime,jdbcType=TIMESTAMP},
      updatetime = #{updateTime,jdbcType=TIMESTAMP}
    where returnid = #{returnId,jdbcType=INTEGER}
  </update>


  <select id="search" resultMap="BaseResultMap">
    select
    <include refid="Base_Column_List" />
    from return
    order by createtime desc
  </select>
</mapper>