<?xml version="1.0" encoding="UTF-8"?>
<!DOCTYPE mapper PUBLIC "-//mybatis.org//DTD Mapper 3.0//EN" "http://mybatis.org/dtd/mybatis-3-mapper.dtd">
<mapper namespace="io.cjf.jcartstoreback.dao.ProductMapper">
  <resultMap id="BaseResultMap" type="io.cjf.jcartstoreback.po.Product">
    <id column="product_id" jdbcType="INTEGER" property="productId" />
    <result column="product_code" jdbcType="VARCHAR" property="productCode" />
    <result column="product_name" jdbcType="VARCHAR" property="productName" />
    <result column="product_abstract" jdbcType="VARCHAR" property="productAbstract" />
    <result column="price" jdbcType="DOUBLE" property="price" />
    <result column="discount" jdbcType="DOUBLE" property="discount" />
    <result column="stock_quantity" jdbcType="INTEGER" property="stockQuantity" />
    <result column="status" jdbcType="TINYINT" property="status" />
    <result column="main_pic_url" jdbcType="VARCHAR" property="mainPicUrl" />
    <result column="reword_points" jdbcType="INTEGER" property="rewordPoints" />
    <result column="sort_order" jdbcType="INTEGER" property="sortOrder" />
  </resultMap>
  <resultMap id="ProductListOutDTO" type="io.cjf.jcartstoreback.dto.out.ProductListOutDTO">
    <id column="product_id" jdbcType="INTEGER" property="productId" />
    <result column="product_code" jdbcType="VARCHAR" property="productCode" />
    <result column="product_name" jdbcType="VARCHAR" property="productName" />
    <result column="product_abstract" jdbcType="VARCHAR" property="productAbstract" />
    <result column="price" jdbcType="DOUBLE" property="price" />
    <result column="discount" jdbcType="DOUBLE" property="discount" />
    <result column="main_pic_url" jdbcType="VARCHAR" property="mainPicUrl" />
  </resultMap>
  <sql id="Base_Column_List">
    product_id, product_code, product_name, product_abstract, price, discount, stock_quantity, 
    status, main_pic_url, reword_points, sort_order
  </sql>
  <select id="selectByPrimaryKey" parameterType="java.lang.Integer" resultMap="BaseResultMap">
    select 
    <include refid="Base_Column_List" />
    from jcart_product
    where product_id = #{productId,jdbcType=INTEGER}
  </select>
  <delete id="deleteByPrimaryKey" parameterType="java.lang.Integer">
    delete from jcart_product
    where product_id = #{productId,jdbcType=INTEGER}
  </delete>
  <insert id="insert" parameterType="io.cjf.jcartstoreback.po.Product">
    insert into jcart_product (product_id, product_code, product_name, 
      product_abstract, price, discount, 
      stock_quantity, status, main_pic_url, 
      reword_points, sort_order)
    values (#{productId,jdbcType=INTEGER}, #{productCode,jdbcType=VARCHAR}, #{productName,jdbcType=VARCHAR}, 
      #{productAbstract,jdbcType=VARCHAR}, #{price,jdbcType=DOUBLE}, #{discount,jdbcType=DOUBLE}, 
      #{stockQuantity,jdbcType=INTEGER}, #{status,jdbcType=TINYINT}, #{mainPicUrl,jdbcType=VARCHAR}, 
      #{rewordPoints,jdbcType=INTEGER}, #{sortOrder,jdbcType=INTEGER})
  </insert>
  <insert id="insertSelective" parameterType="io.cjf.jcartstoreback.po.Product">
    insert into jcart_product
    <trim prefix="(" suffix=")" suffixOverrides=",">
      <if test="productId != null">
        product_id,
      </if>
      <if test="productCode != null">
        product_code,
      </if>
      <if test="productName != null">
        product_name,
      </if>
      <if test="productAbstract != null">
        product_abstract,
      </if>
      <if test="price != null">
        price,
      </if>
      <if test="discount != null">
        discount,
      </if>
      <if test="stockQuantity != null">
        stock_quantity,
      </if>
      <if test="status != null">
        status,
      </if>
      <if test="mainPicUrl != null">
        main_pic_url,
      </if>
      <if test="rewordPoints != null">
        reword_points,
      </if>
      <if test="sortOrder != null">
        sort_order,
      </if>
    </trim>
    <trim prefix="values (" suffix=")" suffixOverrides=",">
      <if test="productId != null">
        #{productId,jdbcType=INTEGER},
      </if>
      <if test="productCode != null">
        #{productCode,jdbcType=VARCHAR},
      </if>
      <if test="productName != null">
        #{productName,jdbcType=VARCHAR},
      </if>
      <if test="productAbstract != null">
        #{productAbstract,jdbcType=VARCHAR},
      </if>
      <if test="price != null">
        #{price,jdbcType=DOUBLE},
      </if>
      <if test="discount != null">
        #{discount,jdbcType=DOUBLE},
      </if>
      <if test="stockQuantity != null">
        #{stockQuantity,jdbcType=INTEGER},
      </if>
      <if test="status != null">
        #{status,jdbcType=TINYINT},
      </if>
      <if test="mainPicUrl != null">
        #{mainPicUrl,jdbcType=VARCHAR},
      </if>
      <if test="rewordPoints != null">
        #{rewordPoints,jdbcType=INTEGER},
      </if>
      <if test="sortOrder != null">
        #{sortOrder,jdbcType=INTEGER},
      </if>
    </trim>
  </insert>
  <update id="updateByPrimaryKeySelective" parameterType="io.cjf.jcartstoreback.po.Product">
    update jcart_product
    <set>
      <if test="productCode != null">
        product_code = #{productCode,jdbcType=VARCHAR},
      </if>
      <if test="productName != null">
        product_name = #{productName,jdbcType=VARCHAR},
      </if>
      <if test="productAbstract != null">
        product_abstract = #{productAbstract,jdbcType=VARCHAR},
      </if>
      <if test="price != null">
        price = #{price,jdbcType=DOUBLE},
      </if>
      <if test="discount != null">
        discount = #{discount,jdbcType=DOUBLE},
      </if>
      <if test="stockQuantity != null">
        stock_quantity = #{stockQuantity,jdbcType=INTEGER},
      </if>
      <if test="status != null">
        status = #{status,jdbcType=TINYINT},
      </if>
      <if test="mainPicUrl != null">
        main_pic_url = #{mainPicUrl,jdbcType=VARCHAR},
      </if>
      <if test="rewordPoints != null">
        reword_points = #{rewordPoints,jdbcType=INTEGER},
      </if>
      <if test="sortOrder != null">
        sort_order = #{sortOrder,jdbcType=INTEGER},
      </if>
    </set>
    where product_id = #{productId,jdbcType=INTEGER}
  </update>
  <update id="updateByPrimaryKey" parameterType="io.cjf.jcartstoreback.po.Product">
    update jcart_product
    set product_code = #{productCode,jdbcType=VARCHAR},
      product_name = #{productName,jdbcType=VARCHAR},
      product_abstract = #{productAbstract,jdbcType=VARCHAR},
      price = #{price,jdbcType=DOUBLE},
      discount = #{discount,jdbcType=DOUBLE},
      stock_quantity = #{stockQuantity,jdbcType=INTEGER},
      status = #{status,jdbcType=TINYINT},
      main_pic_url = #{mainPicUrl,jdbcType=VARCHAR},
      reword_points = #{rewordPoints,jdbcType=INTEGER},
      sort_order = #{sortOrder,jdbcType=INTEGER}
    where product_id = #{productId,jdbcType=INTEGER}
  </update>

<!--  custom-->
  <select id="search" resultMap="ProductListOutDTO">
    select
    <include refid="Base_Column_List" />
    from jcart_product
    where status = 1
  </select>
</mapper>